	fulltree_lower_q	fulltree_upper_q	A2_lower_q	A2_upper_q
R_0	0.6981432631528618	2.1423296591994485	0.8331711856382454	2.560278669859239
R_1	1.7667306100225522	5.194094127016264	2.0190792285945784	5.850191469243019
R_2	1.5313646407054682	4.307142734482864	0.9906743405158617	2.892781584996391
R_3	1.1390418419066743	3.5395664921627272	1.32974401278618	4.097854964409176
R_4	1.6347613190685568	4.750623742820872	1.8318430635830742	5.2625594964312885
