	fulltree_lower_q	fulltree_upper_q	A2_lower_q	A2_upper_q
R_0	0.6062609439904969	2.4988563654168736	0.7262902968991602	2.9350795685119437
R_1	1.770448470391477	5.065961878753511	2.1133546287858875	5.677476315415561
R_2	1.423699798185295	4.210620949288485	0.7745377465432609	2.9196952722238825
R_3	1.0395896197123222	3.610954091231011	1.2432958871222313	4.147389341400141
R_4	1.6022676635908086	4.649999596231031	1.8239533707180235	5.176140381291707
