R0_0	R0_1	R0_2	R0_3	R0_4	sample_rate	migration_rate	Loc0	Loc1	Loc2	Loc3	Loc4
1.2928957315702214	3.4160282367543755	3.0088749577017575	2.187520620469823	3.1202115329717612	0.0004395466650823803	0.0006331278712643914	0.926499605178833	0.02284984290599823	0.014964919537305832	0.014265117235481739	0.021420635282993317
1.542503026018881	3.8724971883694	2.001673239202286	2.5439169214468142	3.460596507468095	0.0002704650419164496	0.0014310641430124995	0.06331375241279602	0.031237242743372917	0.5368567705154419	0.28471043705940247	0.08388177305459976
