R0_0	R0_1	R0_2	R0_3	R0_4	sample_rate	migration_rate	Loc0	Loc1	Loc2	Loc3	Loc4
1.194707418406279	2.7883181891908144	2.0519459932385726	2.026087590418686	2.8365258287463226	0.00048574403517539784	0.0008570919686632549	0.9999921321868896	1.0385966220383125e-07	6.82244581184932e-06	4.215677620322822e-07	4.3337968236301094e-07
1.9930309162366755	4.040313537887373	1.9783198281516472	2.4857180708424074	3.8049496706413506	0.00019799065514851207	0.0012578001544842215	0.04690981283783913	0.04151604697108269	0.7443907260894775	0.12655062973499298	0.04063282907009125
