	fulltree_lower_q	fulltree_upper_q	A2_lower_q	A2_upper_q
R_0	0.7343874837402257	2.171132993213971	0.8787991436790704	2.5758834786684566
R_1	1.8610547435058888	5.141123125398311	2.1577433254191805	5.783425265993652
R_2	1.5999830221621079	4.28523398388738	1.0269365969073618	2.8818193636558753
R_3	1.2135657797670807	3.427455760866178	1.4265221390890723	3.970213434935342
R_4	1.729673311458659	4.690564784262948	1.934718098419388	5.183774367836716
