	fulltree_lower_q	fulltree_upper_q	A2_lower_q	A2_upper_q
R_0	0.9	1.987686322487808	0.9	3.515835125601229
R_1	2.169098279127433	4.125526569068595	3.2182911960198703	5.3978168587302875
R_2	1.73645945939014	3.9663805011573183	1.2499177645501491	4.111123229850058
R_3	1.2457575924151776	2.775414347051445	1.823136020704994	3.3978141758042844
R_4	2.4247554373728475	3.846549324514559	2.8846910483885924	4.874498733700666
sample_rate	0.00024566402783716973	0.0009826247979722615	0.00015615984125521025	0.0003883819021247643
m_rate	0.000404874289585379	0.0018071691400706358	0.0005037037594827534	0.0036901123094837266
