	fulltree_lower_q	fulltree_upper_q	A2_lower_q	A2_upper_q
R_0	0.6262139823345811	2.5338322551333854	0.7341791622371446	2.9422956803856923
R_1	1.7609879236760082	5.064059711448769	2.116545602688494	5.665873370504982
R_2	1.4202398309639088	4.191323715071574	0.8039178099302389	2.93883075174396
R_3	1.0698277697602858	3.6176881413312274	1.2603800116635124	4.159675822627112
R_4	1.594450018864201	4.6556434219504315	1.817186387355866	5.184444660036961
