	R0	sample_rate	migration_rate
5	5.06	4.74	5.1
10	9.86	9.58	10.22
25	25.44	24.36	25.52
50	50.44	50.22	50.2
75	74.4	76.62	75.98
90	89.98	91.03999999999999	90.53999999999999
95	95.39999999999999	96.12	95.36
