	R0	sample_rate	migration_rate
5	6.521739130434782	2.898550724637681	5.797101449275362
10	10.144927536231885	9.420289855072465	10.869565217391305
25	27.536231884057973	30.434782608695656	24.637681159420293
50	55.79710144927537	55.072463768115945	49.275362318840585
75	79.71014492753623	73.91304347826086	70.28985507246377
90	92.02898550724638	88.40579710144928	89.85507246376811
95	96.37681159420289	94.20289855072464	94.92753623188406
