	R0	sample_rate	migration_rate
5	3.3333333333333335	3.3333333333333335	4.444444444444445
10	8.88888888888889	10.0	7.777777777777778
25	27.77777777777778	23.333333333333332	15.555555555555555
50	48.888888888888886	47.77777777777778	27.77777777777778
75	73.33333333333333	67.77777777777779	54.44444444444444
90	90.0	92.22222222222223	66.66666666666666
95	94.44444444444444	96.66666666666667	74.44444444444444
