	R0	sample_rate	migration_rate
5	8.47457627118644	0.0	3.389830508474576
10	12.711864406779661	0.847457627118644	5.084745762711865
25	28.8135593220339	5.084745762711865	12.711864406779661
50	44.06779661016949	23.728813559322035	32.20338983050847
75	64.40677966101694	39.83050847457627	49.152542372881356
90	82.20338983050848	50.847457627118644	66.94915254237289
95	88.98305084745762	60.16949152542372	77.96610169491525
