	R0	sample_rate	migration_rate
5	2.9702970297029703	4.9504950495049505	5.9405940594059405
10	2.9702970297029703	5.9405940594059405	9.900990099009901
25	20.792079207920793	16.831683168316832	19.801980198019802
50	31.683168316831683	34.65346534653465	38.613861386138616
75	54.45544554455446	53.46534653465347	67.32673267326733
90	72.27722772277228	69.3069306930693	87.12871287128714
95	78.21782178217822	79.20792079207921	92.07920792079209
