	R0	sample_rate	migration_rate
5	0.0	5.376344086021505	2.1505376344086025
10	0.0	6.451612903225806	5.376344086021505
25	1.0752688172043012	22.58064516129032	12.903225806451612
50	7.526881720430108	37.634408602150536	23.655913978494624
75	15.053763440860216	65.59139784946237	45.16129032258064
90	24.731182795698924	80.64516129032258	61.29032258064516
95	35.483870967741936	87.09677419354838	73.11827956989248
