	R0	sample_rate	migration_rate
5	4.201680672268908	2.5210084033613445	3.361344537815126
10	6.722689075630252	6.722689075630252	5.042016806722689
25	23.52941176470588	16.80672268907563	15.966386554621847
50	47.05882352941176	43.69747899159664	34.45378151260504
75	68.90756302521008	70.58823529411765	57.98319327731093
90	86.5546218487395	86.5546218487395	69.74789915966386
95	92.43697478991596	93.27731092436974	75.63025210084034
