mean_sd,R0,log_sample_rate,log_migration_rate,mu,subsample_proportion,num_tips,tmrca,mean_bl
mean,1.4344379346713803,-6.143565728391378,-6.227958061757993,0.025618766320834565,0.9033118363779872,219.00566771589146,100.00000940463877,17.102954111344086
sd,0.33125280425703607,0.7752001347246995,0.8333536095765969,0.010964185846206119,0.20823471125411414,186.16709823966838,1.1147873334776794e-06,3.4378546268227725
