mean_sd,R0_0,R0_1,R0_2,R0_3,R0_4,log_sample_rate,log_migration_rate,mu,subsample_proportion,num_tips,tmrca,mean_bl
mean,2.000516685739202,2.0018668042704593,2.0019549546598263,2.0021656398838252,2.0018372359438543,-6.217622202004192,-6.220192062388085,0.029957296135962798,0.8486551248089359,341.3050237828016,61.91134863770487,10.083999989464647
sd,0.4313862325417619,0.42987862436393937,0.4308342298352564,0.4308215769159866,0.4302110858265886,0.8281992375053865,0.8283196078276662,0.011540949238162358,0.23182559148166917,166.86924995006783,40.956198049015725,5.619509400764656
